{"south":40.42487492920581,"west":-86.90912715476989,"north":40.426983157728394,"east":-86.90685526412963}