{"south":40.428208169119884,"west":-86.91364019695345,"north":40.42963984362544,"east":-86.91176075873973}