{"south":40.42515133411156,"west":-86.90875919478677,"north":40.426536987624516,"east":-86.90728630448248}