{"south":40.428320197638016,"west":-86.91408606189034,"north":40.429007519698054,"east":-86.91342319870856}